Triplet,Amino acid,Frequency/ Thousand
TGA,*,1.3
TAA,*,0.7
TAG,*,0.5
GCC,A,28.5
GCT,A,18.6
GCA,A,16
GCG,A,7.6
TGC,C,12.2
TGT,C,9.9
GAC,D,26
GAT,D,22.3
GAG,E,40.8
GAA,E,29
TTC,F,20.4
TTT,F,16.9
GGC,G,22.8
GGA,G,16.3
GGG,G,16.4
GGT,G,10.8
CAC,H,14.9
CAT,H,10.4
ATC,I,21.4
ATT,I,15.7
ATA,I,7.1
AAG,K,32.9
AAA,K,24
CTG,L,40.3
CTC,L,19.4
TTG,L,12.6
CTT,L,12.8
TTA,L,7.2
CTA,L,6.9
ATG,M,22.3
AAC,N,19.5
AAT,N,16.7
CCC,P,20
CCT,P,17.3
CCA,P,16.7
CCG,P,7
CAG,Q,34.6
CAA,Q,11.8
CGG,R,11.9
AGA,R,11.5
AGG,R,11.4
CGC,R,10.9
CGA,R,6.3
CGT,R,4.7
AGC,S,19.4
TCC,S,17.4
TCT,S,14.6
TCA,S,11.7
AGT,S,11.9
TCG,S,4.5
ACC,T,19.2
ACA,T,14.8
ACT,T,12.8
ACG,T,6.2
GTG,V,28.9
GTC,V,14.6
GTT,V,10.9
GTA,V,7
TGG,W,12.8
TAC,Y,15.6
TAT,Y,12
